{
  "minecraft:recipes/woodcutting/mahogany/polished_mahogany_button_from_mahogany_planks_woodcutting": {
    "criteria": {
      "give_recipe": "2023-08-01 15:09:21 +0300"
    },
    "done": true
  },
  "modonomicon:modonomicon/root": {
    "criteria": {
      "modonomicon_present": "2023-08-01 14:43:06 +0300"
    },
    "done": true
  },
  "seeds:does_not_die_easily": {
    "criteria": {
      "does_not_die_easily": "2023-08-07 17:27:38 +0300"
    },
    "done": true
  },
  "farmersdelight:main/plant_all_crops": {
    "criteria": {
      "beetroot": "2023-08-07 17:10:41 +0300",
      "potato": "2023-08-07 17:10:30 +0300",
      "wheat": "2023-08-07 17:10:28 +0300",
      "melon": "2023-08-07 17:11:02 +0300",
      "pumpkin": "2023-08-07 17:11:00 +0300",
      "carrot": "2023-08-07 17:10:32 +0300"
    },
    "done": false
  },
  "enigmaticlegacy:recipes/generic/magnet_ring": {
    "criteria": {
      "has_parent_recipe": "2023-08-03 16:27:04 +0300"
    },
    "done": false
  },
  "enigmaticlegacy:recipes/generic/escape_scroll": {
    "criteria": {
      "has_parent_recipe": "2023-08-01 15:09:21 +0300"
    },
    "done": false
  },
  "minecraft:recipes/woodcutting/mahogany/polished_mahogany_fence_from_mahogany_planks_woodcutting": {
    "criteria": {
      "give_recipe": "2023-08-01 15:09:21 +0300"
    },
    "done": true
  },
  "aquamirae:adventure/abyssal_armor": {
    "criteria": {
      "abyssal_armor": "2023-08-03 18:42:58 +0300"
    },
    "done": true
  },
  "minecraft:recipes/woodcutting/mahogany/polished_mahogany_fence_gate_from_mahogany_planks_woodcutting": {
    "criteria": {
      "give_recipe": "2023-08-01 15:09:21 +0300"
    },
    "done": true
  },
  "sorcerium:lvl_achievement": {
    "criteria": {
      "lvl_achievement": "2023-08-01 14:43:06 +0300"
    },
    "done": true
  },
  "minecraft:recipes/woodcutting/oak/oak_boat_from_oak_planks_woodcutting": {
    "criteria": {
      "give_recipe": "2023-08-01 15:06:21 +0300"
    },
    "done": true
  },
  "minecraft:recipes/woodcutting/mahogany/mahogany_chest_boat_from_mahogany_planks_woodcutting": {
    "criteria": {
      "give_recipe": "2023-08-01 15:09:21 +0300"
    },
    "done": true
  },
  "minecraft:recipes/woodcutting/oak/oak_fence_gate_from_oak_planks_woodcutting": {
    "criteria": {
      "give_recipe": "2023-08-01 15:06:21 +0300"
    },
    "done": true
  },
  "minecraft:recipes/woodcutting/mahogany/mahogany_button_from_mahogany_planks_woodcutting": {
    "criteria": {
      "give_recipe": "2023-08-01 15:09:21 +0300"
    },
    "done": true
  },
  "enigmaticlegacy:recipes/generic/the_acknowledgment": {
    "criteria": {
      "has_iron_ingot": "2023-08-01 14:43:04 +0300"
    },
    "done": true
  },
  "aquamirae:adventure/root": {
    "criteria": {
      "crafting_table": "2023-08-07 16:40:57 +0300"
    },
    "done": true
  },
  "toms_storage:unlock_netherite": {
    "criteria": {
      "inv_changed-netherite": "2023-08-01 14:43:04 +0300"
    },
    "done": true
  },
  "enigmaticlegacy:recipes/generic/iron_ring": {
    "criteria": {
      "has_iron_ingot": "2023-08-03 16:27:04 +0300"
    },
    "done": true
  },
  "minecraft:recipes/woodcutting/oak/oak_sign_from_oak_planks_woodcutting": {
    "criteria": {
      "give_recipe": "2023-08-01 15:06:21 +0300"
    },
    "done": true
  },
  "minecraft:end/elytra": {
    "criteria": {
      "elytra": "2023-08-07 17:17:41 +0300"
    },
    "done": true
  },
  "seeds:substainable": {
    "criteria": {
      "substainable": "2023-08-01 14:43:06 +0300"
    },
    "done": true
  },
  "botania:main/rune_pickup": {
    "criteria": {
      "rune": "2023-08-07 16:21:24 +0300"
    },
    "done": true
  },
  "minecraft:recipes/woodcutting/mahogany/polished_mahogany_stairs_from_mahogany_planks_woodcutting": {
    "criteria": {
      "give_recipe": "2023-08-01 15:09:21 +0300"
    },
    "done": true
  },
  "botania:main/flower_pickup": {
    "criteria": {
      "flower": "2023-08-01 15:21:51 +0300"
    },
    "done": true
  },
  "enigmaticlegacy:book/accessories/enigmatic_elytra": {
    "criteria": {
      "has_the_recipe": "2023-08-07 17:17:41 +0300"
    },
    "done": true
  },
  "minecraft:recipes/woodcutting/oak/oak_slab_from_oak_planks_woodcutting": {
    "criteria": {
      "give_recipe": "2023-08-01 15:06:21 +0300"
    },
    "done": true
  },
  "enigmaticlegacy:recipes/generic/enigmatic_elytra": {
    "criteria": {
      "has_items": "2023-08-07 17:17:41 +0300"
    },
    "done": true
  },
  "enigmaticlegacy:recipes/generic/infernal_shield": {
    "criteria": {
      "has_parent_recipe": "2023-08-01 14:43:04 +0300"
    },
    "done": false
  },
  "enigmaticlegacy:recipes/generic/heaven_scroll": {
    "criteria": {
      "has_parent_recipe": "2023-08-01 15:09:21 +0300"
    },
    "done": false
  },
  "minecraft:recipes/woodcutting/mahogany/polished_mahogany_connected_from_mahogany_planks_woodcutting": {
    "criteria": {
      "give_recipe": "2023-08-01 15:09:21 +0300"
    },
    "done": true
  },
  "deeperdarker:main/kill_warden": {
    "criteria": {
      "warden": "2023-08-01 14:47:20 +0300"
    },
    "done": true
  },
  "minecraft:recipes/woodcutting/oak/oak_trapdoor_from_oak_planks_woodcutting": {
    "criteria": {
      "give_recipe": "2023-08-01 15:06:21 +0300"
    },
    "done": true
  },
  "enigmaticlegacy:book/accessories/arcane_scrolls": {
    "criteria": {
      "has_the_recipe": "2023-08-01 15:09:21 +0300"
    },
    "done": true
  },
  "enigmaticlegacy:recipes/generic/golden_ring": {
    "criteria": {
      "has_parent_recipe": "2023-08-03 16:27:04 +0300"
    },
    "done": false
  },
  "cataclysm:root": {
    "criteria": {
      "custom_test_name": "2023-08-01 14:43:06 +0300"
    },
    "done": true
  },
  "minecraft:recipes/woodcutting/mahogany/mahogany_chest_from_mahogany_planks_woodcutting": {
    "criteria": {
      "give_recipe": "2023-08-01 15:09:21 +0300"
    },
    "done": true
  },
  "botania:main/root": {
    "criteria": {
      "flower": "2023-08-01 15:21:51 +0300"
    },
    "done": true
  },
  "minecraft:recipes/woodcutting/oak/crafting_table_from_oak_planks_woodcutting": {
    "criteria": {
      "give_recipe": "2023-08-01 15:06:21 +0300"
    },
    "done": true
  },
  "minecraft:recipes/woodcutting/mahogany/polished_mahogany_chest_boat_from_mahogany_planks_woodcutting": {
    "criteria": {
      "give_recipe": "2023-08-01 15:09:21 +0300"
    },
    "done": true
  },
  "silentgear:template_board": {
    "criteria": {
      "get_item": "2023-08-01 15:09:17 +0300"
    },
    "done": true
  },
  "minecraft:recipes/woodcutting/mahogany/polished_mahogany_sign_from_mahogany_planks_woodcutting": {
    "criteria": {
      "give_recipe": "2023-08-01 15:09:21 +0300"
    },
    "done": true
  },
  "regions_unexplored:regions_explored": {
    "criteria": {
      "regions_unexplored:cherry_hills": "2023-08-07 13:25:43 +0300",
      "regions_unexplored:meadow": "2023-08-01 14:48:07 +0300",
      "regions_unexplored:grassy_beach": "2023-08-07 13:25:40 +0300"
    },
    "done": false
  },
  "naturesaura:aura_bottle_overworld": {
    "criteria": {
      "bottle": "2023-08-01 15:09:17 +0300"
    },
    "done": true
  },
  "enigmaticlegacy:book/relics/enigmatic_amulet": {
    "criteria": {
      "has_items": "2023-08-01 15:00:05 +0300"
    },
    "done": true
  },
  "minecraft:recipes/woodcutting/oak/oak_stairs_from_oak_planks_woodcutting": {
    "criteria": {
      "give_recipe": "2023-08-01 15:06:21 +0300"
    },
    "done": true
  },
  "naturesaura:gold_leaf": {
    "criteria": {
      "leaf": "2023-08-01 15:09:17 +0300"
    },
    "done": true
  },
  "minecraft:story/root": {
    "criteria": {
      "crafting_table": "2023-08-07 16:40:57 +0300"
    },
    "done": true
  },
  "minecraft:recipes/woodcutting/mahogany/mahogany_slab_from_mahogany_planks_woodcutting": {
    "criteria": {
      "give_recipe": "2023-08-01 15:09:21 +0300"
    },
    "done": true
  },
  "minecraft:recipes/woodcutting/mahogany/polished_mahogany_boat_from_mahogany_planks_woodcutting": {
    "criteria": {
      "give_recipe": "2023-08-01 15:09:21 +0300"
    },
    "done": true
  },
  "minecraft:recipes/woodcutting/mahogany/mahogany_stairs_from_mahogany_planks_woodcutting": {
    "criteria": {
      "give_recipe": "2023-08-01 15:09:21 +0300"
    },
    "done": true
  },
  "botania:main/runic_altar_pickup": {
    "criteria": {
      "rune": "2023-08-07 16:21:24 +0300"
    },
    "done": true
  },
  "occultism:occultism/root": {
    "criteria": {
      "occultism_present": "2023-08-01 14:43:06 +0300"
    },
    "done": true
  },
  "silentgear:root": {
    "criteria": {
      "get_item": "2023-08-07 16:40:57 +0300"
    },
    "done": true
  },
  "enigmaticlegacy:book/relics/the_cube": {
    "criteria": {
      "has_item_4": "2023-08-01 15:00:07 +0300"
    },
    "done": false
  },
  "minecraft:adventure/kill_a_mob": {
    "criteria": {
      "minecraft:skeleton": "2023-08-07 17:23:10 +0300"
    },
    "done": true
  },
  "enigmaticlegacy:book/relics/blazing_core": {
    "criteria": {
      "has_items": "2023-08-01 15:00:07 +0300"
    },
    "done": true
  },
  "enigmaticlegacy:main/discover_spellstone": {
    "criteria": {
      "spellstone": "2023-08-01 15:00:07 +0300"
    },
    "done": true
  },
  "botania:challenge/root": {
    "criteria": {
      "flower": "2023-08-01 15:21:51 +0300"
    },
    "done": true
  },
  "toms_storage:unlock_glowstone": {
    "criteria": {
      "inv_changed-glowstone": "2023-08-01 14:43:04 +0300"
    },
    "done": true
  },
  "minecraft:recipes/woodcutting/mahogany/polished_mahogany_layered_from_mahogany_planks_woodcutting": {
    "criteria": {
      "give_recipe": "2023-08-01 15:09:21 +0300"
    },
    "done": true
  },
  "minecraft:story/mine_stone": {
    "criteria": {
      "get_stone": "2023-08-01 15:09:17 +0300"
    },
    "done": true
  },
  "friendsandfoes:misc/yellow_dye_from_buttercup": {
    "criteria": {
      "has_the_recipe": "2023-08-01 14:43:04 +0300"
    },
    "done": true
  },
  "minecraft:recipes/woodcutting/mahogany/polished_mahogany_pressure_plate_from_mahogany_planks_woodcutting": {
    "criteria": {
      "give_recipe": "2023-08-01 15:09:21 +0300"
    },
    "done": true
  },
  "botania:main/flower_pickup_lexicon": {
    "criteria": {
      "flower": "2023-08-01 15:21:51 +0300"
    },
    "done": true
  },
  "minecraft:recipes/woodcutting/mahogany/mahogany_sign_from_mahogany_planks_woodcutting": {
    "criteria": {
      "give_recipe": "2023-08-01 15:09:21 +0300"
    },
    "done": true
  },
  "enigmaticlegacy:book/accessories/iron_ring": {
    "criteria": {
      "has_the_recipe": "2023-08-03 16:27:04 +0300"
    },
    "done": true
  },
  "morevillagers:root": {
    "criteria": {
      "always": "2023-08-01 14:43:06 +0300"
    },
    "done": true
  },
  "minecraft:adventure/adventuring_time": {
    "criteria": {
      "minecraft:ocean": "2023-08-01 14:43:07 +0300",
      "minecraft:plains": "2023-08-01 14:43:29 +0300"
    },
    "done": false
  },
  "enigmaticlegacy:recipes/generic/thicc_scroll": {
    "criteria": {
      "has_items": "2023-08-01 15:09:21 +0300"
    },
    "done": true
  },
  "toms_storage:unlock_dia_pearl": {
    "criteria": {
      "inv_changed-ender_pearl": "2023-08-01 14:43:04 +0300",
      "inv_changed-diamond": "2023-08-01 14:43:04 +0300"
    },
    "done": true
  },
  "minecraft:recipes/woodcutting/mahogany/polished_mahogany_pillar_from_mahogany_planks_woodcutting": {
    "criteria": {
      "give_recipe": "2023-08-01 15:09:21 +0300"
    },
    "done": true
  },
  "minecraft:recipes/woodcutting/mahogany/crafting_table_from_mahogany_planks_woodcutting": {
    "criteria": {
      "give_recipe": "2023-08-01 15:09:21 +0300"
    },
    "done": true
  },
  "minecraft:adventure/root": {
    "criteria": {
      "killed_something": "2023-08-01 14:46:57 +0300"
    },
    "done": true
  },
  "enigmaticlegacy:recipes/generic/avarice_scroll": {
    "criteria": {
      "has_parent_recipe": "2023-08-01 15:09:21 +0300"
    },
    "done": false
  },
  "minecraft:husbandry/plant_seed": {
    "criteria": {
      "wheat": "2023-08-07 17:10:28 +0300"
    },
    "done": true
  },
  "minecraft:recipes/woodcutting/oak/oak_pressure_plate_from_oak_planks_woodcutting": {
    "criteria": {
      "give_recipe": "2023-08-01 15:06:21 +0300"
    },
    "done": true
  },
  "enigmaticlegacy:recipes/generic/ender_ring": {
    "criteria": {
      "has_parent_recipe": "2023-08-03 16:27:04 +0300"
    },
    "done": false
  },
  "minecraft:recipes/woodcutting/oak/chest_from_oak_planks_woodcutting": {
    "criteria": {
      "give_recipe": "2023-08-01 15:06:21 +0300"
    },
    "done": true
  },
  "minecraft:recipes/woodcutting/mahogany/mahogany_fence_gate_from_mahogany_planks_woodcutting": {
    "criteria": {
      "give_recipe": "2023-08-01 15:09:21 +0300"
    },
    "done": true
  },
  "minecraft:recipes/woodcutting/mahogany/polished_mahogany_door_from_mahogany_planks_woodcutting": {
    "criteria": {
      "give_recipe": "2023-08-01 15:09:21 +0300"
    },
    "done": true
  },
  "minecraft:recipes/woodcutting/mahogany/mahogany_connected_from_mahogany_planks_woodcutting": {
    "criteria": {
      "give_recipe": "2023-08-01 15:09:21 +0300"
    },
    "done": true
  },
  "minecraft:recipes/woodcutting/mahogany/mahogany_door_from_mahogany_planks_woodcutting": {
    "criteria": {
      "give_recipe": "2023-08-01 15:09:21 +0300"
    },
    "done": true
  },
  "enigmaticlegacy:recipes/generic/berserk_charm": {
    "criteria": {
      "has_parent_recipe": "2023-08-01 15:09:21 +0300"
    },
    "done": false
  },
  "farmersdelight:main/root": {
    "criteria": {
      "seeds": "2023-08-01 14:43:04 +0300"
    },
    "done": true
  },
  "minecraft:recipes/woodcutting/oak/oak_door_from_oak_planks_woodcutting": {
    "criteria": {
      "give_recipe": "2023-08-01 15:06:21 +0300"
    },
    "done": true
  },
  "minecraft:recipes/woodcutting/oak/oak_fence_from_oak_planks_woodcutting": {
    "criteria": {
      "give_recipe": "2023-08-01 15:06:21 +0300"
    },
    "done": true
  },
  "enigmaticlegacy:recipes/generic/cursed_scroll": {
    "criteria": {
      "has_parent_recipe": "2023-08-01 15:09:21 +0300"
    },
    "done": false
  },
  "seeds:going_to_be_pain": {
    "criteria": {
      "going_to_be_pain": "2023-08-01 14:59:37 +0300"
    },
    "done": true
  },
  "minecraft:recipes/woodcutting/mahogany/mahogany_fence_from_mahogany_planks_woodcutting": {
    "criteria": {
      "give_recipe": "2023-08-01 15:09:21 +0300"
    },
    "done": true
  },
  "minecraft:adventure/kill_all_mobs": {
    "criteria": {
      "minecraft:skeleton": "2023-08-07 17:23:10 +0300"
    },
    "done": false
  },
  "twilightforest:magic_map_focus": {
    "criteria": {
      "focus": "2023-08-01 15:04:47 +0300"
    },
    "done": true
  },
  "minecraft:recipes/woodcutting/mahogany/polished_mahogany_planks_from_mahogany_planks_woodcutting": {
    "criteria": {
      "give_recipe": "2023-08-01 15:09:21 +0300"
    },
    "done": true
  },
  "regions_unexplored:regions_unexplored": {
    "criteria": {
      "regions_unexplored": "2023-08-01 14:43:06 +0300"
    },
    "done": true
  },
  "minecraft:recipes/woodcutting/oak/barrel_from_oak_planks_woodcutting": {
    "criteria": {
      "give_recipe": "2023-08-01 15:06:21 +0300"
    },
    "done": true
  },
  "enigmaticlegacy:main/all_spellstones": {
    "criteria": {
      "spellstone4": "2023-08-01 15:00:07 +0300"
    },
    "done": false
  },
  "minecraft:recipes/woodcutting/oak/oak_chest_boat_from_oak_planks_woodcutting": {
    "criteria": {
      "give_recipe": "2023-08-01 15:06:21 +0300"
    },
    "done": true
  },
  "seeds:first_mistake": {
    "criteria": {
      "first_mistake": "2023-08-07 17:01:48 +0300"
    },
    "done": true
  },
  "toms_storage:unlock_chest": {
    "criteria": {
      "inv_changed-chest": "2023-08-01 14:43:04 +0300"
    },
    "done": true
  },
  "create:root": {
    "criteria": {
      "0": "2023-08-01 14:43:04 +0300"
    },
    "done": true
  },
  "minecraft:recipes/woodcutting/mahogany/barrel_from_mahogany_planks_woodcutting": {
    "criteria": {
      "give_recipe": "2023-08-01 15:09:21 +0300"
    },
    "done": true
  },
  "minecraft:recipes/woodcutting/mahogany/polished_mahogany_slab_from_mahogany_planks_woodcutting": {
    "criteria": {
      "give_recipe": "2023-08-01 15:09:21 +0300"
    },
    "done": true
  },
  "enigmaticlegacy:main/root": {
    "criteria": {
      "flower": "2023-08-01 15:00:05 +0300"
    },
    "done": true
  },
  "minecraft:story/smelt_iron": {
    "criteria": {
      "iron": "2023-08-03 16:27:04 +0300"
    },
    "done": true
  },
  "minecraft:recipes/woodcutting/oak/oak_button_from_oak_planks_woodcutting": {
    "criteria": {
      "give_recipe": "2023-08-01 15:06:21 +0300"
    },
    "done": true
  },
  "minecraft:recipes/woodcutting/mahogany/polished_mahogany_trapdoor_from_mahogany_planks_woodcutting": {
    "criteria": {
      "give_recipe": "2023-08-01 15:09:21 +0300"
    },
    "done": true
  },
  "minecraft:recipes/woodcutting/mahogany/mahogany_pressure_plate_from_mahogany_planks_woodcutting": {
    "criteria": {
      "give_recipe": "2023-08-01 15:09:21 +0300"
    },
    "done": true
  },
  "minecraft:recipes/woodcutting/mahogany/mahogany_trapdoor_from_mahogany_planks_woodcutting": {
    "criteria": {
      "give_recipe": "2023-08-01 15:09:21 +0300"
    },
    "done": true
  },
  "deeperdarker:main/obtain_warden_carapace": {
    "criteria": {
      "carapace": "2023-08-01 14:47:21 +0300"
    },
    "done": true
  },
  "minecraft:recipes/woodcutting/mahogany/mahogany_boat_from_mahogany_planks_woodcutting": {
    "criteria": {
      "give_recipe": "2023-08-01 15:09:21 +0300"
    },
    "done": true
  },
  "enigmaticlegacy:recipes/generic/xp_scroll": {
    "criteria": {
      "has_parent_recipe": "2023-08-01 15:09:21 +0300"
    },
    "done": false
  },
  "enigmaticlegacy:recipes/generic/lore_fragment": {
    "criteria": {
      "has_items": "2023-08-01 15:09:21 +0300"
    },
    "done": true
  },
  "DataVersion": 3120
}