{"stats":{"minecraft:crafted":{"gribtweaks:hope_catalyst":1},"minecraft:used":{"chipped:dirt_bricks":9,"chipped:amethyst_block_bricks":10,"minecraft:wheat_seeds":6,"minecraft:petrified_oak_slab":4,"minecraft:water_bucket":4,"gribtweaks:gold_brush":3,"minecraft:stone_sword":41,"minecraft:sandstone_stairs":8,"alexsmobs:spawn_egg_warped_toad":1,"minecraft:diamond_hoe":24,"minecraft:poppy":2,"gribtweaks:hope_catalyst":2,"minecraft:chest":3,"minecraft:cut_sandstone":12,"minecraft:sandstone":18,"minecraft:stone":30,"minecraft:iron_sword":16,"gribtweaks:forest_catalyst":2,"minecraft:sandstone_wall":4,"regions_unexplored:white_cherry_sapling":1,"gribtweaks:sand_bad_egg_spawn":1,"quark:bamboo_fence":11,"minecraft:crafting_table":3,"minecraft:carrot":4,"gribtweaks:polished_ametrine_block":3,"supplementaries:planter":4,"botania:red_mystical_flower":1,"minecraft:pumpkin_seeds":5,"regions_unexplored:white_cherry_leaves":1,"minecraft:frog_spawn_egg":11,"minecraft:sand2":164,"minecraft:mud":21,"quark:bamboo_fence_gate":1,"deeperdarker:ancient_vase":6,"gribtweaks:arch_block":6,"minecraft:chiseled_sandstone":8,"minecraft:muddy_mangrove_roots":16,"minecraft:grass_block":155,"minecraft:barrier":9,"minecraft:packed_mud":84,"gribtweaks:statue_obj":8,"sophisticatedstorage:chest":1,"minecraft:melon_seeds":2,"gribtweaks:suspicious_sand":41,"supplementaries:planter_rich":4,"minecraft:furnace":1,"gribtweaks:compost":1,"minecraft:beetroot_seeds":5,"minecraft:sandstone_slab":4,"botania:magenta_mystical_flower":1,"deep_dark_regrowth:ancient_vase":2,"gribtweaks:ametrine_block":1,"quark:bamboo_planks":1,"minecraft:potato":5,"minecraft:dandelion":1,"botania:lime_mystical_flower":2,"avaritia:infinity_sword":9,"minecraft:bone_meal":3,"minecraft:hanging_roots":8,"sophisticatedstorage:netherite_barrel":1},"minecraft:custom":{"enigmaticlegacy:play_time_with_seven_curses":0,"minecraft:interact_with_furnace":3,"minecraft:mob_kills":44,"enigmaticlegacy:play_time_without_seven_curses":125869,"minecraft:interact_with_crafting_table":4,"minecraft:open_barrel":8,"minecraft:leave_game":20,"minecraft:time_since_death":101499,"minecraft:time_since_rest":101558,"minecraft:sprint_one_cm":17109,"minecraft:walk_one_cm":48211,"minecraft:damage_taken":720,"minecraft:drop":41,"minecraft:damage_dealt":13675,"minecraft:fly_one_cm":324861,"minecraft:open_chest":19,"minecraft:crouch_one_cm":1425,"minecraft:play_time":125927,"minecraft:deaths":2,"minecraft:sneak_time":2045,"minecraft:jump":184,"minecraft:total_world_time":249052,"minecraft:fall_one_cm":836},"minecraft:killed":{"gribtweaks:sandy_breeze":3,"advancedgrib:sandelemental":4,"seeds:waste":3,"alexsmobs:warped_toad":1,"minecraft:skeleton":2,"gribtweaks:bad_sand":20,"seeds:mud_golem":1,"advancedgrib:leshy":1,"minecraft:warden":1,"seeds:bad_grass":8},"minecraft:picked_up":{"gribtweaks:sand_zinc_nugget":1,"rootsclassic:bark_knife":1,"seeds:sharp_leaf":1,"scalinghealth:heart_crystal":2,"minecraft:string":3,"gribtweaks:test":6,"gribtweaks:sand_trough":9,"gribtweaks:unforgotten_soul":4,"deeperdarker:warden_carapace":1,"minecraft:wheat_seeds":1,"scalinghealth:heart_crystal_shard":2,"minecraft:stick":2,"gribtweaks:sand_iron":2,"deeperdarker:heart_of_the_deep":1,"gribtweaks:sand_iron_nugget":1,"gribtweaks:sand_stone_pieces":4,"gribtweaks:sand_lapis":1,"gribtweaks:sand_lapis_nugget":1,"gribtweaks:sand_copper":2,"gribtweaks:sand_zinc":1,"reliquary:mob_charm_fragment":1,"gribtweaks:sand_gold":129,"seeds:garbages":1},"minecraft:dropped":{"gribtweaks:sand_redstone":4,"gribtweaks:sand_copper_nugget":6,"gribtweaks:sand_iron":3,"gribtweaks:sand_copper":7,"gribtweaks:sand_lapis":4,"gribtweaks:sand_zinc":8,"gribtweaks:sand_zinc_nugget":4,"gribtweaks:sand_gold":193}},"DataVersion":3120}