{"stats":{"minecraft:crafted":{"gribtweaks:hope_catalyst":1},"minecraft:used":{"chipped:dirt_bricks":9,"chipped:amethyst_block_bricks":10,"minecraft:wheat_seeds":6,"minecraft:petrified_oak_slab":4,"minecraft:water_bucket":4,"gribtweaks:gold_brush":3,"minecraft:stone_sword":41,"minecraft:sandstone_stairs":8,"alexsmobs:spawn_egg_warped_toad":1,"minecraft:diamond_hoe":24,"minecraft:poppy":2,"gribtweaks:hope_catalyst":2,"minecraft:chest":3,"minecraft:cut_sandstone":12,"minecraft:sandstone":18,"minecraft:stone":30,"minecraft:iron_sword":16,"gribtweaks:forest_catalyst":4,"minecraft:sandstone_wall":4,"regions_unexplored:white_cherry_sapling":1,"gribtweaks:sand_bad_egg_spawn":1,"quark:bamboo_fence":11,"minecraft:crafting_table":3,"minecraft:jungle_planks":6,"minecraft:carrot":4,"gribtweaks:polished_ametrine_block":3,"supplementaries:planter":4,"botania:red_mystical_flower":1,"minecraft:pumpkin_seeds":5,"regions_unexplored:white_cherry_leaves":1,"minecraft:frog_spawn_egg":11,"minecraft:sand2":164,"minecraft:mud":21,"quark:bamboo_fence_gate":1,"deeperdarker:ancient_vase":6,"gribtweaks:arch_block":6,"minecraft:chiseled_sandstone":8,"minecraft:muddy_mangrove_roots":16,"minecraft:grass_block":156,"minecraft:barrier":9,"minecraft:jungle_log":6,"minecraft:packed_mud":84,"gribtweaks:statue_obj":8,"sophisticatedstorage:chest":1,"minecraft:melon_seeds":2,"gribtweaks:suspicious_sand":41,"supplementaries:planter_rich":4,"minecraft:furnace":1,"gribtweaks:compost":1,"minecraft:beetroot_seeds":5,"minecraft:sandstone_slab":4,"botania:magenta_mystical_flower":1,"deep_dark_regrowth:ancient_vase":2,"gribtweaks:ametrine_block":1,"quark:bamboo_planks":1,"minecraft:potato":5,"minecraft:dandelion":1,"botania:lime_mystical_flower":2,"avaritia:infinity_sword":11,"minecraft:bone_meal":3,"minecraft:hanging_roots":8,"sophisticatedstorage:netherite_barrel":1},"minecraft:mined":{"minecraft:dandelion":1,"minecraft:poppy":8,"minecraft:tall_grass":85,"minecraft:grass":38},"minecraft:custom":{"enigmaticlegacy:play_time_with_seven_curses":0,"minecraft:interact_with_furnace":3,"minecraft:mob_kills":81,"enigmaticlegacy:play_time_without_seven_curses":139684,"minecraft:interact_with_crafting_table":4,"minecraft:open_barrel":8,"minecraft:leave_game":20,"minecraft:time_since_death":115314,"minecraft:time_since_rest":115373,"minecraft:sprint_one_cm":25558,"minecraft:walk_one_cm":51208,"minecraft:damage_taken":720,"minecraft:drop":41,"minecraft:damage_dealt":18466,"minecraft:fly_one_cm":470538,"minecraft:open_chest":19,"minecraft:crouch_one_cm":1882,"minecraft:play_time":139742,"minecraft:deaths":2,"minecraft:sneak_time":2389,"minecraft:jump":241,"minecraft:total_world_time":285052,"minecraft:fall_one_cm":1047},"minecraft:killed":{"gribtweaks:sandy_breeze":6,"advancedgrib:sandelemental":5,"minecraft:spider":1,"seeds:waste":6,"alexsmobs:warped_toad":1,"minecraft:skeleton":6,"minecraft:zombie":1,"gribtweaks:bad_sand":31,"seeds:mud_golem":1,"advancedgrib:leshy":2,"minecraft:warden":1,"seeds:bad_grass":20},"minecraft:picked_up":{"occultism:datura_seeds":1,"gribtweaks:sand_zinc_nugget":1,"simplehats:hatbag_rare":1,"rootsclassic:bark_knife":2,"seeds:sharp_leaf":8,"scalinghealth:heart_crystal":2,"minecraft:string":3,"gribtweaks:test":6,"gribtweaks:sand_trough":20,"minecraft:bone":2,"gribtweaks:unforgotten_soul":5,"deeperdarker:warden_carapace":1,"minecraft:wheat_seeds":5,"minecraft:poppy":8,"scalinghealth:heart_crystal_shard":2,"minecraft:stick":2,"gribtweaks:sand_iron":2,"simplehats:hatbag_common":1,"minecraft:dandelion":1,"deeperdarker:heart_of_the_deep":1,"createcafe:cassava_seeds":3,"gribtweaks:sand_iron_nugget":1,"gribtweaks:sand_stone_pieces":4,"gribtweaks:sand_lapis":1,"gribtweaks:sand_lapis_nugget":1,"hexerei:sage_seed":7,"minecraft:arrow":1,"createcafe:coffee_beans":1,"gribtweaks:sand_copper":2,"gribtweaks:sand_zinc":1,"reliquary:mob_charm_fragment":1,"gribtweaks:sand_gold":129,"seeds:garbages":2},"minecraft:dropped":{"gribtweaks:sand_redstone":4,"gribtweaks:sand_copper_nugget":6,"gribtweaks:sand_iron":3,"gribtweaks:sand_copper":7,"gribtweaks:sand_lapis":4,"gribtweaks:sand_zinc":8,"gribtweaks:sand_zinc_nugget":4,"gribtweaks:sand_gold":193}},"DataVersion":3120}