{
  "farmersdelight:main/root": {
    "criteria": {
      "seeds": "2023-08-01 15:41:30 +0300"
    },
    "done": true
  },
  "toms_storage:unlock_chest": {
    "criteria": {
      "inv_changed-chest": "2023-08-01 15:41:30 +0300"
    },
    "done": true
  },
  "enigmaticlegacy:recipes/generic/the_acknowledgment": {
    "criteria": {
      "has_iron_ingot": "2023-08-01 15:41:30 +0300"
    },
    "done": true
  },
  "create:root": {
    "criteria": {
      "0": "2023-08-01 15:41:30 +0300"
    },
    "done": true
  },
  "modonomicon:modonomicon/root": {
    "criteria": {
      "modonomicon_present": "2023-08-01 15:41:31 +0300"
    },
    "done": true
  },
  "toms_storage:unlock_netherite": {
    "criteria": {
      "inv_changed-netherite": "2023-08-01 15:41:30 +0300"
    },
    "done": true
  },
  "cataclysm:root": {
    "criteria": {
      "custom_test_name": "2023-08-01 15:41:31 +0300"
    },
    "done": true
  },
  "seeds:substainable": {
    "criteria": {
      "substainable": "2023-08-01 15:41:31 +0300"
    },
    "done": true
  },
  "toms_storage:unlock_dia_pearl": {
    "criteria": {
      "inv_changed-ender_pearl": "2023-08-01 15:41:30 +0300",
      "inv_changed-diamond": "2023-08-01 15:41:30 +0300"
    },
    "done": true
  },
  "toms_storage:unlock_glowstone": {
    "criteria": {
      "inv_changed-glowstone": "2023-08-01 15:41:30 +0300"
    },
    "done": true
  },
  "regions_unexplored:regions_unexplored": {
    "criteria": {
      "regions_unexplored": "2023-08-01 15:41:31 +0300"
    },
    "done": true
  },
  "friendsandfoes:misc/yellow_dye_from_buttercup": {
    "criteria": {
      "has_the_recipe": "2023-08-01 15:41:30 +0300"
    },
    "done": true
  },
  "sorcerium:lvl_achievement": {
    "criteria": {
      "lvl_achievement": "2023-08-01 15:41:31 +0300"
    },
    "done": true
  },
  "regions_unexplored:regions_explored": {
    "criteria": {
      "regions_unexplored:meadow": "2023-08-01 15:41:40 +0300"
    },
    "done": false
  },
  "enigmaticlegacy:recipes/generic/infernal_shield": {
    "criteria": {
      "has_parent_recipe": "2023-08-01 15:41:31 +0300"
    },
    "done": false
  },
  "occultism:occultism/root": {
    "criteria": {
      "occultism_present": "2023-08-01 15:41:31 +0300"
    },
    "done": true
  },
  "morevillagers:root": {
    "criteria": {
      "always": "2023-08-01 15:41:31 +0300"
    },
    "done": true
  },
  "minecraft:adventure/adventuring_time": {
    "criteria": {
      "minecraft:ocean": "2023-08-01 15:41:31 +0300"
    },
    "done": false
  },
  "DataVersion": 3120
}