{
  "modonomicon:modonomicon/root": {
    "criteria": {
      "modonomicon_present": "2023-07-31 15:53:14 +0300"
    },
    "done": true
  },
  "seeds:does_not_die_easily": {
    "criteria": {
      "does_not_die_easily": "2023-08-06 15:25:34 +0300"
    },
    "done": true
  },
  "minecraft:recipes/woodcutting/oak/oak_pressure_plate_from_oak_slab_woodcutting": {
    "criteria": {
      "give_recipe": "2023-08-01 18:12:34 +0300"
    },
    "done": true
  },
  "farmersdelight:main/plant_all_crops": {
    "criteria": {
      "tomato": "2023-08-06 13:59:02 +0300",
      "beetroot": "2023-08-06 13:59:00 +0300",
      "wheat": "2023-08-06 13:58:52 +0300"
    },
    "done": false
  },
  "minecraft:recipes/woodcutting/oak/oak_sign_from_oak_slab_woodcutting": {
    "criteria": {
      "give_recipe": "2023-08-01 18:12:34 +0300"
    },
    "done": true
  },
  "enigmaticlegacy:recipes/generic/magnet_ring": {
    "criteria": {
      "has_parent_recipe": "2023-08-02 20:13:28 +0300",
      "has_items": "2023-08-06 15:39:50 +0300"
    },
    "done": true
  },
  "farmersdelight:main/use_cutting_board": {
    "criteria": {
      "cutting_board": "2023-08-06 15:36:16 +0300"
    },
    "done": true
  },
  "create:copper": {
    "criteria": {
      "0": "2023-08-01 18:49:11 +0300"
    },
    "done": true
  },
  "create:andesite_alloy": {
    "criteria": {
      "0": "2023-08-02 20:13:39 +0300"
    },
    "done": true
  },
  "minecraft:recipes/woodcutting/oak/oak_fence_gate_from_oak_slab_woodcutting": {
    "criteria": {
      "give_recipe": "2023-08-01 18:12:34 +0300"
    },
    "done": true
  },
  "sorcerium:lvl_achievement": {
    "criteria": {
      "lvl_achievement": "2023-07-31 15:53:14 +0300"
    },
    "done": true
  },
  "minecraft:recipes/woodcutting/oak/oak_boat_from_oak_planks_woodcutting": {
    "criteria": {
      "give_recipe": "2023-08-01 18:10:01 +0300"
    },
    "done": true
  },
  "minecraft:recipes/woodcutting/oak/oak_fence_gate_from_oak_planks_woodcutting": {
    "criteria": {
      "give_recipe": "2023-08-01 18:10:01 +0300"
    },
    "done": true
  },
  "enigmaticlegacy:recipes/generic/the_acknowledgment": {
    "criteria": {
      "has_iron_ingot": "2023-07-31 15:54:33 +0300"
    },
    "done": true
  },
  "minecraft:recipes/woodcutting/spruce/spruce_boat_from_spruce_planks_woodcutting": {
    "criteria": {
      "give_recipe": "2023-08-02 20:12:50 +0300"
    },
    "done": true
  },
  "toms_storage:unlock_netherite": {
    "criteria": {
      "inv_changed-netherite": "2023-07-31 15:54:33 +0300"
    },
    "done": true
  },
  "minecraft:recipes/woodcutting/spruce/spruce_stairs_from_spruce_planks_woodcutting": {
    "criteria": {
      "give_recipe": "2023-08-02 20:12:50 +0300"
    },
    "done": true
  },
  "enigmaticlegacy:recipes/generic/iron_ring": {
    "criteria": {
      "has_iron_ingot": "2023-08-02 20:13:28 +0300"
    },
    "done": true
  },
  "minecraft:recipes/woodcutting/oak/oak_sign_from_oak_planks_woodcutting": {
    "criteria": {
      "give_recipe": "2023-08-01 18:10:01 +0300"
    },
    "done": true
  },
  "minecraft:recipes/woodcutting/spruce/chest_from_spruce_planks_woodcutting": {
    "criteria": {
      "give_recipe": "2023-08-02 20:12:50 +0300"
    },
    "done": true
  },
  "seeds:substainable": {
    "criteria": {
      "substainable": "2023-07-31 15:53:14 +0300"
    },
    "done": true
  },
  "enigmaticlegacy:recipes/generic/bonus_wool_recipes": {
    "criteria": {
      "has_white_wool": "2023-08-02 19:52:25 +0300"
    },
    "done": true
  },
  "ae2:main/root": {
    "criteria": {
      "copper": "2023-08-01 18:49:11 +0300"
    },
    "done": true
  },
  "minecraft:recipes/woodcutting/oak/oak_slab_from_oak_planks_woodcutting": {
    "criteria": {
      "give_recipe": "2023-08-01 18:10:01 +0300"
    },
    "done": true
  },
  "enigmaticlegacy:recipes/generic/infernal_shield": {
    "criteria": {
      "has_parent_recipe": "2023-07-31 16:35:56 +0300"
    },
    "done": false
  },
  "minecraft:recipes/woodcutting/spruce/spruce_fence_from_spruce_planks_woodcutting": {
    "criteria": {
      "give_recipe": "2023-08-02 20:12:50 +0300"
    },
    "done": true
  },
  "minecraft:recipes/woodcutting/oak/oak_trapdoor_from_oak_slab_woodcutting": {
    "criteria": {
      "give_recipe": "2023-08-01 18:12:34 +0300"
    },
    "done": true
  },
  "farmersdelight:main/get_fd_seed": {
    "criteria": {
      "tomato_seeds": "2023-08-06 12:54:32 +0300"
    },
    "done": true
  },
  "deeperdarker:main/root": {
    "criteria": {
      "phantom": "2023-08-01 18:04:17 +0300"
    },
    "done": true
  },
  "minecraft:recipes/woodcutting/oak/oak_trapdoor_from_oak_planks_woodcutting": {
    "criteria": {
      "give_recipe": "2023-08-01 18:10:01 +0300"
    },
    "done": true
  },
  "minecraft:recipes/woodcutting/oak/chest_from_oak_slab_woodcutting": {
    "criteria": {
      "give_recipe": "2023-08-01 18:12:34 +0300"
    },
    "done": true
  },
  "enigmaticlegacy:recipes/generic/golden_ring": {
    "criteria": {
      "has_parent_recipe": "2023-08-02 20:13:28 +0300",
      "has_items": "2023-08-06 15:34:06 +0300"
    },
    "done": true
  },
  "cataclysm:root": {
    "criteria": {
      "custom_test_name": "2023-07-31 15:53:14 +0300"
    },
    "done": true
  },
  "enigmaticlegacy:book/accessories/magnet_ring": {
    "criteria": {
      "has_the_recipe": "2023-08-06 15:39:50 +0300"
    },
    "done": true
  },
  "minecraft:recipes/woodcutting/spruce/crafting_table_from_spruce_planks_woodcutting": {
    "criteria": {
      "give_recipe": "2023-08-02 20:12:50 +0300"
    },
    "done": true
  },
  "minecraft:recipes/woodcutting/oak/crafting_table_from_oak_planks_woodcutting": {
    "criteria": {
      "give_recipe": "2023-08-01 18:10:01 +0300"
    },
    "done": true
  },
  "minecraft:recipes/woodcutting/spruce/spruce_door_from_spruce_planks_woodcutting": {
    "criteria": {
      "give_recipe": "2023-08-02 20:12:50 +0300"
    },
    "done": true
  },
  "minecraft:husbandry/balanced_diet": {
    "criteria": {
      "bread": "2023-08-06 15:32:22 +0300"
    },
    "done": false
  },
  "regions_unexplored:regions_explored": {
    "criteria": {
      "regions_unexplored:autumnal_maple_forest": "2023-08-01 18:54:51 +0300",
      "regions_unexplored:prismachasm": "2023-08-06 15:29:29 +0300",
      "regions_unexplored:silver_birch_forest": "2023-08-02 19:47:29 +0300",
      "regions_unexplored:cold_river": "2023-08-03 14:38:27 +0300"
    },
    "done": false
  },
  "enigmaticlegacy:recipes/generic/super_magnet_ring": {
    "criteria": {
      "has_parent_recipe": "2023-08-06 15:39:50 +0300"
    },
    "done": false
  },
  "gnumus:fatty_demon": {
    "criteria": {
      "fatty_demon": "2023-08-06 16:06:43 +0300"
    },
    "done": true
  },
  "minecraft:recipes/woodcutting/oak/oak_stairs_from_oak_planks_woodcutting": {
    "criteria": {
      "give_recipe": "2023-08-01 18:10:01 +0300"
    },
    "done": true
  },
  "minecraft:recipes/woodcutting/oak/oak_planks_from_oak_log_woodcutting": {
    "criteria": {
      "give_recipe": "2023-08-01 18:11:11 +0300"
    },
    "done": true
  },
  "minecraft:recipes/woodcutting/oak/oak_fence_from_oak_slab_woodcutting": {
    "criteria": {
      "give_recipe": "2023-08-01 18:12:34 +0300"
    },
    "done": true
  },
  "deeperdarker:main/obtain_membrane": {
    "criteria": {
      "membrane": "2023-08-01 18:24:27 +0300"
    },
    "done": true
  },
  "minecraft:recipes/woodcutting/spruce/spruce_button_from_spruce_planks_woodcutting": {
    "criteria": {
      "give_recipe": "2023-08-02 20:12:50 +0300"
    },
    "done": true
  },
  "occultism:occultism/root": {
    "criteria": {
      "occultism_present": "2023-07-31 15:53:14 +0300"
    },
    "done": true
  },
  "enigmaticlegacy:book/accessories/golden_ring": {
    "criteria": {
      "has_the_recipe": "2023-08-06 15:34:06 +0300"
    },
    "done": true
  },
  "minecraft:adventure/kill_a_mob": {
    "criteria": {
      "minecraft:phantom": "2023-08-01 18:04:17 +0300"
    },
    "done": true
  },
  "enigmaticlegacy:recipes/generic/desolation_ring": {
    "criteria": {
      "has_parent_recipe": "2023-08-06 15:34:06 +0300"
    },
    "done": false
  },
  "minecraft:recipes/woodcutting/oak/crafting_table_from_oak_slab_woodcutting": {
    "criteria": {
      "give_recipe": "2023-08-01 18:12:34 +0300"
    },
    "done": true
  },
  "minecraft:recipes/woodcutting/spruce/spruce_sign_from_spruce_planks_woodcutting": {
    "criteria": {
      "give_recipe": "2023-08-02 20:12:50 +0300"
    },
    "done": true
  },
  "toms_storage:unlock_glowstone": {
    "criteria": {
      "inv_changed-glowstone": "2023-07-31 15:54:33 +0300"
    },
    "done": true
  },
  "minecraft:story/mine_stone": {
    "criteria": {
      "get_stone": "2023-08-01 18:48:12 +0300"
    },
    "done": true
  },
  "friendsandfoes:misc/yellow_dye_from_buttercup": {
    "criteria": {
      "has_the_recipe": "2023-07-31 16:35:56 +0300"
    },
    "done": true
  },
  "enigmaticlegacy:book/accessories/iron_ring": {
    "criteria": {
      "has_the_recipe": "2023-08-02 20:13:28 +0300"
    },
    "done": true
  },
  "storymod:start": {
    "criteria": {
      "dummy": "2023-08-01 19:05:25 +0300"
    },
    "done": true
  },
  "morevillagers:root": {
    "criteria": {
      "always": "2023-07-31 15:53:14 +0300"
    },
    "done": true
  },
  "minecraft:adventure/adventuring_time": {
    "criteria": {
      "minecraft:forest": "2023-08-01 18:54:11 +0300",
      "minecraft:desert": "2023-07-31 15:53:15 +0300"
    },
    "done": false
  },
  "minecraft:recipes/woodcutting/oak/oak_boat_from_oak_slab_woodcutting": {
    "criteria": {
      "give_recipe": "2023-08-01 18:12:34 +0300"
    },
    "done": true
  },
  "minecraft:adventure/sleep_in_bed": {
    "criteria": {
      "slept_in_bed": "2023-08-02 20:06:24 +0300"
    },
    "done": true
  },
  "minecraft:recipes/woodcutting/spruce/barrel_from_spruce_planks_woodcutting": {
    "criteria": {
      "give_recipe": "2023-08-02 20:12:50 +0300"
    },
    "done": true
  },
  "minecraft:recipes/woodcutting/spruce/spruce_fence_gate_from_spruce_planks_woodcutting": {
    "criteria": {
      "give_recipe": "2023-08-02 20:12:50 +0300"
    },
    "done": true
  },
  "minecraft:husbandry/root": {
    "criteria": {
      "consumed_item": "2023-07-31 15:54:37 +0300"
    },
    "done": true
  },
  "minecraft:recipes/woodcutting/oak/barrel_from_oak_slab_woodcutting": {
    "criteria": {
      "give_recipe": "2023-08-01 18:12:34 +0300"
    },
    "done": true
  },
  "toms_storage:unlock_dia_pearl": {
    "criteria": {
      "inv_changed-ender_pearl": "2023-07-31 15:54:33 +0300",
      "inv_changed-diamond": "2023-07-31 15:54:33 +0300"
    },
    "done": true
  },
  "minecraft:recipes/woodcutting/spruce/spruce_trapdoor_from_spruce_planks_woodcutting": {
    "criteria": {
      "give_recipe": "2023-08-02 20:12:50 +0300"
    },
    "done": true
  },
  "minecraft:recipes/woodcutting/oak/oak_planks_from_oak_slab_woodcutting": {
    "criteria": {
      "give_recipe": "2023-08-01 18:12:34 +0300"
    },
    "done": true
  },
  "minecraft:adventure/root": {
    "criteria": {
      "killed_something": "2023-08-01 18:04:17 +0300"
    },
    "done": true
  },
  "minecraft:husbandry/plant_seed": {
    "criteria": {
      "wheat": "2023-08-06 13:58:52 +0300"
    },
    "done": true
  },
  "minecraft:recipes/woodcutting/oak/oak_pressure_plate_from_oak_planks_woodcutting": {
    "criteria": {
      "give_recipe": "2023-08-01 18:10:01 +0300"
    },
    "done": true
  },
  "enigmaticlegacy:recipes/generic/ender_ring": {
    "criteria": {
      "has_parent_recipe": "2023-08-02 20:13:28 +0300"
    },
    "done": false
  },
  "minecraft:recipes/woodcutting/oak/chest_from_oak_planks_woodcutting": {
    "criteria": {
      "give_recipe": "2023-08-01 18:10:01 +0300"
    },
    "done": true
  },
  "minecraft:recipes/woodcutting/oak/oak_button_from_oak_slab_woodcutting": {
    "criteria": {
      "give_recipe": "2023-08-01 18:12:34 +0300"
    },
    "done": true
  },
  "minecraft:recipes/woodcutting/spruce/spruce_chest_boat_from_spruce_planks_woodcutting": {
    "criteria": {
      "give_recipe": "2023-08-02 20:12:50 +0300"
    },
    "done": true
  },
  "copperoverhaul:mine_copper": {
    "criteria": {
      "mine_copper": "2023-08-01 18:44:54 +0300"
    },
    "done": true
  },
  "farmersdelight:main/root": {
    "criteria": {
      "seeds": "2023-07-31 15:54:33 +0300"
    },
    "done": true
  },
  "minecraft:recipes/woodcutting/spruce/spruce_slab_from_spruce_planks_woodcutting": {
    "criteria": {
      "give_recipe": "2023-08-02 20:12:50 +0300"
    },
    "done": true
  },
  "minecraft:recipes/woodcutting/oak/oak_door_from_oak_planks_woodcutting": {
    "criteria": {
      "give_recipe": "2023-08-01 18:10:01 +0300"
    },
    "done": true
  },
  "minecraft:recipes/woodcutting/oak/oak_fence_from_oak_planks_woodcutting": {
    "criteria": {
      "give_recipe": "2023-08-01 18:10:01 +0300"
    },
    "done": true
  },
  "minecraft:adventure/kill_all_mobs": {
    "criteria": {
      "minecraft:spider": "2023-08-03 14:58:55 +0300",
      "minecraft:phantom": "2023-08-01 18:04:17 +0300"
    },
    "done": false
  },
  "amethyst_upgrade:amethyst_lantern_op": {
    "criteria": {
      "amethyst_lantern_op": "2023-08-02 20:13:33 +0300"
    },
    "done": true
  },
  "minecraft:recipes/woodcutting/spruce/spruce_pressure_plate_from_spruce_planks_woodcutting": {
    "criteria": {
      "give_recipe": "2023-08-02 20:12:50 +0300"
    },
    "done": true
  },
  "farmersdelight:main/craft_knife": {
    "criteria": {
      "leaf_knife": "2023-08-06 15:34:52 +0300"
    },
    "done": true
  },
  "regions_unexplored:regions_unexplored": {
    "criteria": {
      "regions_unexplored": "2023-07-31 15:53:14 +0300"
    },
    "done": true
  },
  "minecraft:recipes/woodcutting/oak/barrel_from_oak_planks_woodcutting": {
    "criteria": {
      "give_recipe": "2023-08-01 18:10:01 +0300"
    },
    "done": true
  },
  "minecraft:recipes/woodcutting/oak/oak_chest_boat_from_oak_planks_woodcutting": {
    "criteria": {
      "give_recipe": "2023-08-01 18:10:01 +0300"
    },
    "done": true
  },
  "seeds:first_mistake": {
    "criteria": {
      "first_mistake": "2023-08-01 18:48:29 +0300"
    },
    "done": true
  },
  "morevillagers:all_workstations_get": {
    "criteria": {
      "barrel": "2023-08-01 18:48:51 +0300"
    },
    "done": false
  },
  "toms_storage:unlock_chest": {
    "criteria": {
      "inv_changed-chest": "2023-07-31 15:54:33 +0300"
    },
    "done": true
  },
  "create:root": {
    "criteria": {
      "0": "2023-07-31 15:54:33 +0300"
    },
    "done": true
  },
  "minecraft:recipes/woodcutting/oak/oak_stairs_from_oak_slab_woodcutting": {
    "criteria": {
      "give_recipe": "2023-08-01 18:12:34 +0300"
    },
    "done": true
  },
  "minecraft:recipes/woodcutting/oak/oak_door_from_oak_slab_woodcutting": {
    "criteria": {
      "give_recipe": "2023-08-01 18:12:34 +0300"
    },
    "done": true
  },
  "minecraft:story/mine_diamond": {
    "criteria": {
      "diamond": "2023-08-06 15:39:50 +0300"
    },
    "done": true
  },
  "minecraft:story/smelt_iron": {
    "criteria": {
      "iron": "2023-08-02 20:13:28 +0300"
    },
    "done": true
  },
  "minecraft:recipes/woodcutting/oak/oak_button_from_oak_planks_woodcutting": {
    "criteria": {
      "give_recipe": "2023-08-01 18:10:01 +0300"
    },
    "done": true
  },
  "morevillagers:first_workstation_get": {
    "criteria": {
      "barrel": "2023-08-01 18:48:51 +0300"
    },
    "done": true
  },
  "minecraft:recipes/woodcutting/oak/oak_chest_boat_from_oak_slab_woodcutting": {
    "criteria": {
      "give_recipe": "2023-08-01 18:12:34 +0300"
    },
    "done": true
  },
  "DataVersion": 3120
}