{"stats":{"minecraft:broken":{"gribtweaks:primitive_brush":17,"toughasnails:leaf_leggings":6,"toughasnails:leaf_boots":5,"minecraft:wooden_shovel":1,"toughasnails:leaf_chestplate":4,"gribtweaks:copper_brush":7,"gribtweaks:gold_brush":1,"gribtweaks:primitive":1,"gribtweaks:andesite_brush":1,"minecraft:wooden_axe":1,"toughasnails:leaf_helmet":7,"gribtweaks:sand_shears":6},"minecraft:killed":{"enemyexpansion:senior":1,"gribtweaks:sandy_breeze":48,"advancedgrib:sandelemental":3,"minecraft:spider":2,"enemyexpansion:equestrian":1,"minecraft:phantom":11,"minecraft:skeleton":1,"lilwings:red_applefly_butterfly":4,"gnumus:gnumus_hunter":1,"gribtweaks:bad_sand":165,"seeds:bad_grass":5},"minecraft:picked_up":{"toughasnails:leaf_leggings":4,"minecraft:wheat":8,"simplehats:hatbag_rare":1,"gnumus:gnumus_claw":2,"rootsclassic:old_root":5,"rootsclassic:elderberry":15,"seeds:sharp_leaf":1,"minecraft:string":11,"rootsclassic:redcurrant":12,"gribtweaks:sand_trough":22,"simplehats:sombrero":1,"minecraft:spruce_planks":1,"delightful:acorn":41,"toughasnails:leaf_boots":4,"minecraft:beef":3,"minecraft:red_dye":2,"minecraft:poppy":24,"gribtweaks:sand_layer":819,"minecraft:phantom_membrane":5,"minecraft:stick":98,"rootsclassic:whitecurrant":13,"simplehats:hatbag_common":1,"minecraft:oak_door":2,"minecraft:oak_fence":2,"minecraft:torch":34,"rootsclassic:nightshade":14,"createcafe:cassava_seeds":26,"gribtweaks:sand_stone_pieces":473,"minecraft:carrot":1,"gribtweaks:sand_lapis_nugget":43,"gribtweaks:andesite_piece":64,"crafting_on_a_stick:crafting_table":1,"hexerei:sage_seed":31,"minecraft:stone_sword":1,"minecraft:arrow":2,"minecraft:cactus":4,"minecraft:rotten_flesh":5,"createcafe:coffee_beans":17,"simplehats:spadesoldier":1,"reliquary:mob_charm_fragment":9,"supplementaries:ash":1,"gnumus:mouse_skin":4,"minecraft:cobblestone":8,"occultism:datura_seeds":4,"gribtweaks:sand_zinc_nugget":53,"gnumus:gnumus_doubloons":2,"minecraft:yellow_dye":2,"gnumus:gnumus_pouch":3,"toughasnails:leaf_helmet":5,"minecraft:oak_log":200,"scalinghealth:bandages":4,"scalinghealth:heart_crystal":14,"minecraft:dirt":56,"scalinghealth:medkit":2,"gnumus:gnumus_pouch_2":1,"minecraft:bone":239,"gribtweaks:stone_nugget":518,"gribtweaks:unforgotten_soul":2,"minecraft:apple":6,"gribtweaks:breake_bush":1,"minecraft:wheat_seeds":48,"minecraft:iron_ingot":2,"enemyexpansion:mini_wither_helmet":1,"minecraft:oak_planks":78,"toughasnails:leaf_chestplate":5,"minecraft:oak_slab":73,"scalinghealth:heart_crystal_shard":8,"gribtweaks:sand_redstone_nugget":34,"gribtweaks:sand_copper_nugget":109,"minecraft:dandelion":9,"gribtweaks:sand_iron_nugget":55,"gribtweaks:sand_gold_nugget":36,"minecraft:sand":228,"minecraft:white_bed":1,"minecraft:spider_eye":1,"rootsclassic:blackcurrant":18,"minecraft:diamond":6,"minecraft:stone_axe":1,"minecraft:sand2":1,"gnumus:gnumus_clay":5,"minecraft:oak_sapling":107,"minecraft:oak_leaves":207},"minecraft:dropped":{"minecraft:glass_bottle":1,"gribtweaks:unforgotten_soul":1,"gribtweaks:breake_bush":1,"minecraft:feather":1,"minecraft:cobblestone":8,"minecraft:stick":10,"scalinghealth:medkit":1,"gribtweaks:sand_shears":1,"scalinghealth:heart_crystal":2,"minecraft:wooden_hoe":1,"minecraft:wooden_axe":2,"toughasnails:leaf_boots":1,"minecraft:dead_bush":1,"minecraft:wooden_sword":1,"toughasnails:leaf_leggings":2,"minecraft:cactus":2,"minecraft:stone_axe":1,"toughasnails:leaf_chestplate":3,"minecraft:stone_sword":2,"minecraft:oak_planks":4,"gribtweaks:sand_stone_pieces":3,"gribtweaks:sand_layer":19,"minecraft:stone":1,"gribtweaks:water_sand_bucket":2,"minecraft:spruce_planks":2,"gribtweaks:sand_trough":3,"scalinghealth:bandages":2},"minecraft:mined":{"minecraft:white_bed":1,"minecraft:oak_sapling":1,"minecraft:oak_door":2,"gribtweaks:suspicious_sand":1,"gribtweaks:sand_layer":199,"minecraft:tripwire":9,"minecraft:oak_slab":78,"minecraft:hanging_roots":4,"minecraft:dandelion":9,"minecraft:sand2":215,"minecraft:oak_fence":2,"minecraft:torch":13,"minecraft:poppy":24,"minecraft:tall_grass":42,"gribtweaks:test":3,"minecraft:oak_planks":37,"minecraft:wall_torch":6,"minecraft:wheat":1,"minecraft:grass":246,"minecraft:oak_log":201,"minecraft:sand":18,"minecraft:dirt":56,"hexerei:sage_crop":2,"minecraft:oak_leaves":307},"minecraft:crafted":{"minecraft:wooden_sword":1,"minecraft:oak_planks":4,"gribtweaks:sand_knife":2,"minecraft:stone_shovel":1,"minecraft:barrel":1,"gribtweaks:copper_brush":8,"minecraft:iron_nugget":9,"gribtweaks:sand_zinc":1,"minecraft:furnace":2,"toughasnails:leaf_leggings":3,"delightful:leaf_knife":1,"gribtweaks:sand_gold":2,"gribtweaks:test":7,"toughasnails:leaf_helmet":3,"minecraft:copper_block":2,"gribtweaks:forest_catalyst":1,"toughasnails:leaf_boots":4,"minecraft:oak_slab":36,"minecraft:wooden_shovel":1,"create:andesite_alloy":2,"gnumus:gnumus_cutlass":1,"toughasnails:leaf_chestplate":3,"gribtweaks:primitive":3,"minecraft:copper_ingot":29,"gribtweaks:sand_shears":4,"crafting_on_a_stick:crafting_table":3,"minecraft:stone_axe":2,"gribtweaks:sand_iron":2,"minecraft:bread":2,"minecraft:air":1617,"farmersdelight:cutting_board":1,"gribtweaks:hope_catalyst":2,"gribtweaks:sand_copper":5,"gribtweaks:compost":7,"minecraft:white_wool":4,"minecraft:gold_nugget":2,"minecraft:wooden_hoe":1,"minecraft:charcoal":19,"minecraft:cobblestone":1,"gribtweaks:andesite_brush":1,"minecraft:stick":4,"quark:oak_chest":2,"minecraft:iron_ingot":1,"minecraft:wooden_axe":3,"minecraft:stone_sword":2,"gribtweaks:gold_brush":1,"gribtweaks:arch_block":1,"minecraft:gold_ingot":2,"minecraft:sandstone":4,"minecraft:white_bed":1,"minecraft:andesite":4,"minecraft:torch":4,"gribtweaks:sand_bucket":10,"gribtweaks:primitive_brush":14},"minecraft:used":{"minecraft:oak_fence":20,"minecraft:stone_sword":309,"minecraft:dead_bush":24,"gribtweaks:sand_bucket":8,"minecraft:stone_shovel":59,"gribtweaks:hope_catalyst":14,"minecraft:ladder":8,"minecraft:iron_sword":90,"minecraft:stone":398,"minecraft:wooden_shovel":59,"minecraft:sandstone_wall":4,"minecraft:oak_door":3,"minecraft:stick":1,"minecraft:torch":69,"minecraft:dirt":56,"scalinghealth:heart_crystal":4,"minecraft:wooden_axe":122,"gribtweaks:sand_layer":151,"gribtweaks:test":67,"minecraft:grass_block":66,"gribtweaks:statue_obj":1,"minecraft:barrel":2,"gribtweaks:sand_trough":430,"createcafe:cassava_seeds":8,"farmersdelight:cutting_board":1,"minecraft:oak_sapling":31,"minecraft:furnace":2,"minecraft:beetroot_seeds":3,"rootsclassic:old_root":1,"farmersdelight:tomato_seeds":3,"gribtweaks:water_sand_bucket":7,"minecraft:enchanted_golden_apple":1,"minecraft:wheat_seeds":38,"toughasnails:leaf_leggings":1,"gribtweaks:gold_brush":7,"minecraft:sandstone_stairs":8,"minecraft:oak_planks":408,"occultism:datura_seeds":3,"minecraft:cactus":9,"gribtweaks:breake_bush":1,"minecraft:cut_sandstone":4,"minecraft:sandstone":12,"minecraft:oak_leaves":28,"minecraft:sand":28,"gribtweaks:primitive_brush":503,"gribtweaks:copper_brush":378,"minecraft:oak_slab":768,"minecraft:white_bed":4,"gnumus:gnumus_cutlass":3,"rootsclassic:blackcurrant":2,"gribtweaks:arch_block":1,"minecraft:sand2":1,"minecraft:string":65,"minecraft:oak_log":6,"gribtweaks:andesite_brush":208,"createcafe:coffee_beans":2,"minecraft:wooden_hoe":56,"minecraft:barrier":16,"minecraft:bread":1,"hexerei:sage_seed":16,"minecraft:chiseled_sandstone":4,"gribtweaks:sand_shears":212,"minecraft:stone_axe":205,"minecraft:wooden_sword":7,"minecraft:cobblestone":1,"gribtweaks:suspicious_sand":35,"toughasnails:purified_water_bottle":5,"gribtweaks:compost":112,"minecraft:sandstone_slab":4,"quark:oak_chest":4,"delightful:acorn":17,"minecraft:bone_meal":172,"avaritia:infinity_sword":6},"minecraft:custom":{"enigmaticlegacy:play_time_with_seven_curses":0,"minecraft:mob_kills":245,"minecraft:open_barrel":335,"minecraft:damage_dealt_resisted":190,"minecraft:leave_game":49,"minecraft:time_since_death":162137,"minecraft:damage_resisted":112,"minecraft:climb_one_cm":18355,"minecraft:sprint_one_cm":187986,"minecraft:walk_one_cm":1043136,"gateways:gates_defeated":1,"minecraft:drop":56,"minecraft:play_time":831699,"minecraft:deaths":12,"minecraft:sneak_time":45152,"minecraft:jump":1981,"minecraft:walk_on_water_one_cm":1961,"minecraft:total_world_time":1249546,"minecraft:interact_with_furnace":51,"enigmaticlegacy:play_time_without_seven_curses":831296,"minecraft:sleep_in_bed":11,"minecraft:time_since_rest":162163,"minecraft:damage_absorbed":162,"minecraft:damage_taken":12099,"minecraft:damage_dealt":17368,"minecraft:fly_one_cm":387758,"minecraft:open_chest":141,"minecraft:crouch_one_cm":115668,"minecraft:fall_one_cm":338882},"minecraft:killed_by":{"advancedgrib:sandelemental":3,"gribtweaks:bad_sand":6}},"DataVersion":3120}