{"stats":{"minecraft:used":{"minecraft:mud":21,"minecraft:sand2":164,"minecraft:water_bucket":2,"deeperdarker:ancient_vase":6,"gribtweaks:gold_brush":3,"minecraft:sandstone_stairs":8,"gribtweaks:arch_block":6,"minecraft:chiseled_sandstone":8,"alexsmobs:spawn_egg_warped_toad":1,"minecraft:muddy_mangrove_roots":16,"minecraft:grass_block":145,"minecraft:barrier":9,"minecraft:poppy":2,"minecraft:packed_mud":84,"minecraft:chest":3,"minecraft:sandstone":18,"minecraft:stone":30,"gribtweaks:statue_obj":6,"minecraft:cut_sandstone":12,"regions_unexplored:white_cherry_sapling":1,"minecraft:sandstone_wall":4,"gribtweaks:sand_bad_egg_spawn":1,"gribtweaks:suspicious_sand":41,"quark:bamboo_fence":11,"supplementaries:planter_rich":4,"gribtweaks:compost":1,"minecraft:sandstone_slab":4,"botania:magenta_mystical_flower":1,"deep_dark_regrowth:ancient_vase":2,"minecraft:dandelion":1,"gribtweaks:polished_ametrine_block":3,"botania:lime_mystical_flower":2,"quark:bamboo_planks":1,"gribtweaks:ametrine_block":1,"supplementaries:planter":4,"chipped:dirt_bricks":9,"quark:bamboo_fence_gate":1,"sophisticatedstorage:netherite_barrel":1,"botania:red_mystical_flower":1,"minecraft:bone_meal":3,"avaritia:infinity_sword":7,"minecraft:hanging_roots":8,"chipped:amethyst_block_bricks":10,"regions_unexplored:white_cherry_leaves":1,"minecraft:frog_spawn_egg":11},"minecraft:killed":{"alexsmobs:warped_toad":1,"gribtweaks:bad_sand":2,"advancedgrib:sandelemental":3,"minecraft:warden":1},"minecraft:picked_up":{"minecraft:stick":2,"gribtweaks:sand_zinc_nugget":1,"gribtweaks:sand_iron":2,"deeperdarker:heart_of_the_deep":1,"gribtweaks:sand_iron_nugget":1,"gribtweaks:sand_stone_pieces":4,"gribtweaks:sand_lapis":1,"gribtweaks:sand_lapis_nugget":1,"minecraft:string":3,"gribtweaks:test":6,"gribtweaks:sand_trough":2,"gribtweaks:unforgotten_soul":3,"gribtweaks:sand_copper":2,"deeperdarker:warden_carapace":1,"gribtweaks:sand_zinc":1,"gribtweaks:sand_gold":129},"minecraft:dropped":{"gribtweaks:sand_redstone":4,"gribtweaks:sand_lapis":4,"gribtweaks:sand_copper_nugget":6,"gribtweaks:sand_iron":3,"gribtweaks:sand_zinc":8,"gribtweaks:sand_zinc_nugget":4,"gribtweaks:sand_copper":7,"gribtweaks:sand_gold":193},"minecraft:custom":{"minecraft:time_since_rest":68903,"enigmaticlegacy:play_time_with_seven_curses":0,"minecraft:sprint_one_cm":15099,"minecraft:damage_taken":720,"minecraft:walk_one_cm":27897,"minecraft:mob_kills":7,"minecraft:drop":41,"minecraft:damage_dealt":8442,"enigmaticlegacy:play_time_without_seven_curses":93214,"minecraft:fly_one_cm":302359,"minecraft:open_barrel":8,"minecraft:open_chest":16,"minecraft:crouch_one_cm":875,"minecraft:play_time":93272,"minecraft:deaths":2,"minecraft:sneak_time":1887,"minecraft:jump":168,"minecraft:leave_game":15,"minecraft:time_since_death":68844,"minecraft:total_world_time":196120,"minecraft:fall_one_cm":836}},"DataVersion":3120}